old_name,new_name
printer_accuracy_hole_shrink_compensation,fdm_hole_shrink
printer_accuracy_outer_dimension_oversize,fdm_outer_oversize
printer_accuracy_standard_layer_height,fdm_layer_height
printer_accuracy_first_layer_height,fdm_first_layer_height
printer_accuracy_extrusion_line_width,fdm_line_width
printer_accuracy_elephant_foot_compensation,fdm_elephant_foot
printer_accuracy_seam_zseam_protrusion,fdm_seam_protrusion
printer_accuracy_minimum_infill_bridging_width,fdm_min_infill_width
printer_accuracy_solid_top_layers_for_mating_surface,fdm_solid_top_layers
tolerance_standard_fine_iso2768_f,tol_fine
tolerance_standard_medium_iso2768_m,tol_medium
tolerance_standard_coarse_iso2768_c,tol_coarse
tolerance_angular_general_degrees,tol_angular
tolerance_fit_class_fdm_sliding_per_surface,fdm_sliding_fit
tolerance_fit_class_fdm_press_per_surface,fdm_press_fit
tolerance_fit_class_fdm_interference_per_surface,fdm_interference_fit
tolerance_fit_class_iso_h7_g6_running_clearance,tol_h7g6_running
hole_geometry_minimum_printable_diameter,fdm_min_hole_dia
hole_geometry_horizontal_teardrop_z_offset,fdm_teardrop_offset
hole_geometry_fdm_diameter_compensation,fdm_hole_compensation
hole_geometry_self_tap_m3_into_plastic_diameter,m3_selftap_hole
hole_geometry_self_tap_m4_into_plastic_diameter,m4_selftap_hole
hole_geometry_thread_engagement_minimum_length,fdm_thread_engage_min
hole_geometry_m2_screw_clearance_diameter,m2_thru_hole
hole_geometry_m2_close_fit_diameter,m2_close_fit_hole
boss_geometry_m2_outer_diameter,m2_boss_od
hole_geometry_m2p5_screw_clearance_diameter,m2p5_thru_hole
hole_geometry_m2p5_close_fit_diameter,m2p5_close_fit_hole
boss_geometry_m2p5_outer_diameter,m2p5_boss_od
hole_geometry_m3_screw_clearance_diameter,m3_thru_hole
hole_geometry_m3_close_fit_diameter,m3_close_fit_hole
boss_geometry_m3_outer_diameter,m3_boss_od
hole_geometry_m4_screw_clearance_diameter,m4_thru_hole
hole_geometry_m4_close_fit_diameter,m4_close_fit_hole
boss_geometry_m4_outer_diameter,m4_boss_od
hole_geometry_m5_screw_clearance_diameter,m5_thru_hole
hole_geometry_m5_close_fit_diameter,m5_close_fit_hole
boss_geometry_m5_outer_diameter,m5_boss_od
hole_geometry_m6_screw_clearance_diameter,m6_thru_hole
hole_geometry_m6_close_fit_diameter,m6_close_fit_hole
boss_geometry_m6_outer_diameter,m6_boss_od
heatset_insert_m2_recommended_hole_id,m2_heatset_hole
heatset_insert_m2_recess_depth,m2_heatset_depth
heatset_insert_m3_recommended_hole_id,m3_heatset_hole
heatset_insert_m3_recess_depth,m3_heatset_depth
heatset_insert_m3_boss_outer_diameter,m3_heatset_boss_od
heatset_insert_m4_recommended_hole_id,m4_heatset_hole
heatset_insert_m4_recess_depth,m4_heatset_depth
heatset_insert_m5_recommended_hole_id,m5_heatset_hole
heatset_insert_install_temp_pla_celsius,heatset_temp_pla
heatset_insert_install_temp_petg_celsius,heatset_temp_petg
heatset_insert_install_temp_abs_asa_celsius,heatset_temp_abs_asa
hardware_m2_button_head_iso7380_head_diameter,m2_button_head_dia
hardware_m2_button_head_iso7380_head_height,m2_button_head_height
hardware_m2p5_button_head_iso7380_head_diameter,m2p5_button_head_dia
hardware_m2p5_button_head_iso7380_head_height,m2p5_button_head_height
hardware_m3_button_head_iso7380_head_diameter,m3_button_head_dia
hardware_m3_button_head_iso7380_head_height,m3_button_head_height
hardware_m4_button_head_iso7380_head_diameter,m4_button_head_dia
hardware_m4_button_head_iso7380_head_height,m4_button_head_height
hardware_m5_button_head_iso7380_head_diameter,m5_button_head_dia
hardware_m5_button_head_iso7380_head_height,m5_button_head_height
hardware_m2_socket_cap_din912_head_diameter,m2_socket_head_dia
hardware_m2_socket_cap_din912_head_height,m2_socket_head_height
hardware_m2p5_socket_cap_din912_head_diameter,m2p5_socket_head_dia
hardware_m2p5_socket_cap_din912_head_height,m2p5_socket_head_height
hardware_m3_socket_cap_din912_head_diameter,m3_socket_head_dia
hardware_m3_socket_cap_din912_head_height,m3_socket_head_height
hardware_m4_socket_cap_din912_head_diameter,m4_socket_head_dia
hardware_m4_socket_cap_din912_head_height,m4_socket_head_height
hardware_m5_socket_cap_din912_head_diameter,m5_socket_head_dia
hardware_m5_socket_cap_din912_head_height,m5_socket_head_height
hardware_m3_flat_head_din7991_head_diameter,m3_flat_head_dia
hardware_m3_flat_head_din7991_head_height,m3_flat_head_height
hardware_m4_flat_head_din7991_head_diameter,m4_flat_head_dia
hardware_m5_flat_head_din7991_head_diameter,m5_flat_head_dia
hardware_m2_hex_nut_iso4032_across_flats,m2_hex_nut_af
hardware_m2_hex_nut_iso4032_height,m2_hex_nut_height
hardware_m2p5_hex_nut_iso4032_across_flats,m2p5_hex_nut_af
hardware_m2p5_hex_nut_iso4032_height,m2p5_hex_nut_height
hardware_m3_hex_nut_iso4032_across_flats,m3_hex_nut_af
hardware_m3_hex_nut_iso4032_height,m3_hex_nut_height
hardware_m4_hex_nut_iso4032_across_flats,m4_hex_nut_af
hardware_m4_hex_nut_iso4032_height,m4_hex_nut_height
hardware_m5_hex_nut_iso4032_across_flats,m5_hex_nut_af
hardware_m5_hex_nut_iso4032_height,m5_hex_nut_height
hardware_m3_square_nut_din557_width,m3_square_nut_width
hardware_m3_square_nut_din557_height,m3_square_nut_height
hardware_m4_square_nut_din557_width,m4_square_nut_width
hardware_m4_square_nut_din557_height,m4_square_nut_height
hardware_m3_washer_iso7089_outer_diameter,m3_washer_od
hardware_m3_washer_iso7089_thickness,m3_washer_thick
hardware_m4_washer_iso7089_outer_diameter,m4_washer_od
hardware_m5_washer_iso7089_outer_diameter,m5_washer_od
hardware_dowel_pin_m3_nominal_diameter_h6,m3_dowel_pin_dia
hardware_dowel_pin_m4_nominal_diameter_h6,m4_dowel_pin_dia
hardware_dowel_pin_m5_nominal_diameter_h6,m5_dowel_pin_dia
hardware_dowel_pin_fdm_clearance_receiver_hole,fdm_dowel_clearance
hardware_m3_hex_standoff_outer_diameter,m3_standoff_od
hardware_m2p5_hex_standoff_outer_diameter,m2p5_standoff_od
hardware_zip_tie_2p5mm_slot_width,ziptie_2p5mm_width
hardware_zip_tie_2p5mm_slot_thickness,ziptie_2p5mm_thick
hardware_zip_tie_3p5mm_slot_width,ziptie_3p5mm_width
hardware_zip_tie_3p5mm_slot_thickness,ziptie_3p5mm_thick
nut_trap_m3_hex_pocket_across_flats_fdm,m3_nut_pocket_af
nut_trap_m3_hex_pocket_depth_fdm,m3_nut_pocket_depth
nut_trap_m3_hex_circumscribed_diameter_fdm,m3_nut_pocket_circum
nut_trap_m3_square_pocket_width_fdm,m3_sq_nut_pocket_width
nut_trap_m3_square_pocket_depth_fdm,m3_sq_nut_pocket_depth
nut_trap_m4_hex_pocket_across_flats_fdm,m4_nut_pocket_af
nut_trap_m4_hex_pocket_depth_fdm,m4_nut_pocket_depth
nut_trap_m5_hex_pocket_across_flats_fdm,m5_nut_pocket_af
nut_trap_m5_hex_pocket_depth_fdm,m5_nut_pocket_depth
counterbore_m2_button_head_pocket_diameter,m2_button_cbore_dia
counterbore_m2_button_head_pocket_depth,m2_button_cbore_depth
counterbore_m2p5_button_head_pocket_diameter,m2p5_button_cbore_dia
counterbore_m2p5_button_head_pocket_depth,m2p5_button_cbore_depth
counterbore_m3_button_head_pocket_diameter,m3_button_cbore_dia
counterbore_m3_button_head_pocket_depth,m3_button_cbore_depth
counterbore_m3_socket_cap_pocket_diameter,m3_socket_cbore_dia
counterbore_m3_socket_cap_pocket_depth,m3_socket_cbore_depth
counterbore_m4_button_head_pocket_diameter,m4_button_cbore_dia
counterbore_m4_button_head_pocket_depth,m4_button_cbore_depth
counterbore_m5_button_head_pocket_diameter,m5_button_cbore_dia
countersink_metric_flat_head_angle_degrees,countersink_angle
countersink_m3_flat_head_top_diameter,m3_countersink_dia
countersink_m4_flat_head_top_diameter,m4_countersink_dia
thread_fdm_offset_face_per_flank_petg_abs,fdm_thread_offset_petg
thread_fdm_offset_face_per_flank_pla,fdm_thread_offset_pla
thread_fdm_addon_tolerance_profile_petg,fdm_thread_tol_petg
thread_fdm_addon_tolerance_profile_pla,fdm_thread_tol_pla
thread_iso_metric_pitch_m2,m2_thread_pitch
thread_iso_metric_pitch_m2p5,m2p5_thread_pitch
thread_iso_metric_pitch_m3,m3_thread_pitch
thread_iso_metric_pitch_m4,m4_thread_pitch
thread_iso_metric_pitch_m5,m5_thread_pitch
thread_iso_metric_pitch_m6,m6_thread_pitch
wall_thickness_minimum_functional_2_perimeters,fdm_wall_minimum
wall_thickness_recommended_structural_4_perims,fdm_wall_structural
wall_thickness_heavy_duty_6_perimeters,fdm_wall_heavy
fillet_radius_minimum_internal_stress_relief,fdm_fillet_min
fillet_radius_standard_external_cosmetic,fdm_fillet_standard
fillet_radius_large_structural_gusset,fdm_fillet_large
chamfer_depth_standard_45_degree,fdm_chamfer_standard
chamfer_depth_lead_in_for_pin_insertion,fdm_chamfer_leadin
overhang_maximum_angle_from_vertical_standard,fdm_overhang_max
overhang_maximum_angle_high_perf_cpap,fdm_overhang_max_cpap
bridge_maximum_reliable_span_with_tuning,fdm_bridge_max
bridge_long_span_sag_z_compensation,fdm_bridge_sag
magnet_disc_6x2mm_outer_diameter,magnet_6x2mm_od
magnet_disc_6x2mm_height,magnet_6x2mm_height
magnet_disc_6x3mm_outer_diameter,magnet_6x3mm_od
magnet_disc_6x3mm_height,magnet_6x3mm_height
magnet_disc_8x2mm_outer_diameter,magnet_8x2mm_od
magnet_disc_8x2mm_height,magnet_8x2mm_height
magnet_disc_10x2mm_outer_diameter,magnet_10x2mm_od
magnet_disc_10x2mm_height,magnet_10x2mm_height
magnet_disc_10x3mm_outer_diameter,magnet_10x3mm_od
magnet_disc_10x3mm_height,magnet_10x3mm_height
magnet_pocket_press_fit_clearance_per_side,magnet_press_fit
magnet_pocket_glue_gap_clearance_per_side,magnet_glue_gap
magnet_pocket_depth_flush_recess,magnet_flush_recess
motion_mgn7h_rail_nominal_width,mgn7h_rail_width
motion_mgn9h_rail_nominal_width,mgn9h_rail_width
motion_mgn12h_rail_nominal_width,mgn12h_rail_width
motion_mgn15h_rail_nominal_width,mgn15h_rail_width
motion_mgn12h_carriage_block_length,mgn12h_carriage_length
motion_mgn12h_carriage_hole_pitch_along_rail,mgn12h_pitch_along
motion_mgn12h_carriage_hole_pitch_across_rail,mgn12h_pitch_across
motion_mgn9h_carriage_hole_pitch_along_rail,mgn9h_pitch_along
motion_mgn9h_carriage_hole_pitch_across_rail,mgn9h_pitch_across
motion_gt2_belt_pitch,gt2_belt_pitch
motion_gt2_belt_nominal_width,gt2_belt_width
motion_gt2_belt_clamp_slot_extra_width,gt2_clamp_extra
motion_gt2_pulley_16t_outer_diameter,gt2_pulley_16t_od
motion_gt2_pulley_20t_outer_diameter,gt2_pulley_20t_od
motion_gt2_pulley_80t_outer_diameter,gt2_pulley_80t_od
motion_gt2_pulley_bore_standard_5mm_shaft,gt2_pulley_bore
motion_gt2_idler_bearing_od_f695,f695_bearing_od
motion_gt2_idler_bearing_id_f695,f695_bearing_id
motion_gt2_idler_bearing_width_f695,f695_bearing_width
motion_nema17_motor_body_width,nema17_body_width
motion_nema17_motor_bolt_pattern_center_to_center,nema17_bolt_pattern_center_to_center
motion_nema17_motor_bolt_size,nema17_bolt_size
motion_nema17_motor_shaft_diameter,nema17_shaft_diameter
motion_nema17_motor_shaft_flat_depth,nema17_shaft_flat_depth
motion_nema17_motor_shaft_length_standard,nema17_shaft_length_standard
motion_nema17_motor_face_boss_diameter,nema17_face_boss_diameter
motion_nema14_motor_body_width,nema14_body_width
motion_nema14_motor_bolt_pattern_center_to_center,nema14_bolt_pattern_center_to_center
motion_nema14_motor_shaft_diameter,nema14_shaft_diameter
motion_vslot_2020_extrusion_width,vslot_2020_extrusion_width
motion_vslot_2040_extrusion_width,vslot_2040_extrusion_width
motion_tslot_m3_nut_slot_clearance_width,tslot_m3_nut_slot_clearance_width
motion_beacon_probe_body_outer_diameter,beacon_probe_body_outer_diameter
motion_beacon_probe_body_total_length,beacon_probe_body_total_length
motion_orbiter_v25_motor_mount_bolt_pattern,orbiter_v25_motor_mount_bolt_pattern
motion_orbiter_v25_filament_path_offset_from_mount,orbiter_v25_filament_path_offset_from_mount
motion_chube_hotend_collet_outer_diameter,chube_hotend_collet_outer_diameter
motion_can_bus_cable_chain_slot_width,canbus_cable_chain_slot_width
motion_toolhead_carriage_plate_thickness_5mm,toolhead_plate_5mm
motion_toolhead_carriage_plate_thickness_4mm,toolhead_plate_4mm
cnc_aluminum_6061_stock_plate_thickness_tolerance,cnc_plate_tolerance
cnc_aluminum_drilled_hole_oversize,cnc_drilled_oversize
cnc_aluminum_reamed_hole_h7_tolerance_at_5mm,cnc_h7_ream_tol
cnc_aluminum_tap_drill_m2_diameter,cnc_m2_tap_drill
cnc_aluminum_tap_drill_m2p5_diameter,cnc_m2p5_tap_drill
cnc_aluminum_tap_drill_m3_diameter,cnc_m3_tap_drill
cnc_aluminum_tap_drill_m4_diameter,cnc_m4_tap_drill
cnc_aluminum_tap_drill_m5_diameter,cnc_m5_tap_drill
cnc_aluminum_tap_drill_m6_diameter,cnc_m6_tap_drill
cnc_aluminum_thread_engagement_minimum_diameter_ratio,cnc_thread_engage_min_ratio
cnc_aluminum_thread_engagement_recommended_ratio,cnc_thread_engage_rec_ratio
cnc_aluminum_minimum_wall_for_tapped_hole,cnc_min_wall_tap
cnc_aluminum_countersink_m3_flat_head_4mm_plate,cnc_m3_csink_4mm
cnc_aluminum_countersink_m3_flat_head_5mm_plate,cnc_m3_csink_5mm
cnc_aluminum_pocket_depth_tolerance_typical_service,cnc_pocket_depth_tol
cnc_aluminum_press_fit_pin_h7_in_6061_5mm,cnc_5mm_press_fit_pin
cnc_aluminum_6061_thermal_expansion_per_degree_c,cnc_thermal_expansion
material_pla_print_shrink_percent,pla_shrink
material_petg_print_shrink_percent,petg_shrink
material_abs_print_shrink_percent,abs_shrink
material_asa_print_shrink_percent,asa_shrink
material_abs_minimum_chamber_temp_celsius,abs_chamber_temp
material_pc_minimum_chamber_temp_celsius,pc_chamber_temp
material_tpu_95a_shore_hardness,tpu_95a_hardness
material_tpu_85a_shore_hardness,tpu_85a_hardness
material_6061_fdm_diff_expansion_per_deg_c,fdm_6061_diff_expansion
electronics_raspberry_pi_4_5_mount_hole_pitch_x,rpi4_mount_pitch_x
electronics_raspberry_pi_4_5_mount_hole_pitch_y,rpi4_mount_pitch_y
electronics_raspberry_pi_board_width,rpi_board_width
electronics_raspberry_pi_board_length,rpi_board_length
electronics_btt_octopus_mount_hole_pitch_x,octopus_mount_pitch_x
electronics_btt_octopus_mount_hole_pitch_y,octopus_mount_pitch_y
electronics_btt_skr_mini_e3_mount_hole_pitch_x,skr_mini_mount_pitch_x
electronics_btt_skr_mini_e3_mount_hole_pitch_y,skr_mini_mount_pitch_y
electronics_pcb_edge_clearance_to_wall_minimum,pcb_edge_clearance
electronics_din_rail_standard_width,din_rail_width
electronics_din_rail_clip_engagement_depth,din_rail_clip_depth
electronics_jst_xh_2p54_connector_body_width_2pin,jst_xh_2pin_width
electronics_jst_xh_2p54_connector_body_height,jst_xh_height
electronics_usb_a_panel_cutout_width,usb_a_panel_width
electronics_usb_a_panel_cutout_height,usb_a_panel_height
electronics_usb_c_panel_cutout_width,usb_c_panel_width
electronics_usb_c_panel_cutout_height,usb_c_panel_height
electronics_xt30_panel_cutout_diameter,xt30_panel_dia
electronics_xt60_panel_cutout_diameter,xt60_panel_dia
electronics_wago_221_lever_nut_body_width_2way,wago221_body_width_2way
electronics_wago_221_lever_nut_body_height,wago221_body_height
electronics_wago_221_lever_nut_body_depth,wago221_body_depth
electronics_esp32_devkit_board_width,esp32_board_width
electronics_esp32_devkit_board_length,esp32_board_length
electronics_d1_mini_esp8266_board_width,d1mini_board_width
electronics_d1_mini_esp8266_board_length,d1mini_board_length
home_auto_us_single_gang_box_internal_width,gang_box_internal_width
home_auto_us_single_gang_box_internal_height,gang_box_internal_height
home_auto_us_decora_faceplate_cutout_width,decora_cutout_width
home_auto_us_decora_faceplate_cutout_height,decora_cutout_height
home_auto_conduit_half_inch_knockout_diameter,conduit_half_inch_knockout_dia
home_auto_conduit_three_quarter_inch_knockout_dia,conduit_three_quarter_inch_knockout_dia
home_auto_sonoff_zbdongle_p_body_width,sonoff_zbdongle_p_width
home_auto_sonoff_zbdongle_p_body_length,sonoff_zbdongle_p_length
foam_dart_half_dart_body_outer_diameter,halfdart_body_outer_diameter
foam_dart_half_dart_tip_outer_diameter,halfdart_tip_outer_diameter
foam_dart_half_dart_body_length,halfdart_body_length
foam_dart_full_dart_body_outer_diameter,fulldart_body_outer_diameter
foam_dart_full_dart_tip_outer_diameter,fulldart_tip_outer_diameter
foam_dart_full_dart_overall_length,fulldart_overall_length
foam_dart_barrel_bore_half_dart_performance,halfdart_barrel_performance
foam_dart_barrel_bore_half_dart_slam_fire,halfdart_barrel_slam_fire
foam_dart_flywheel_gap_half_dart_standard,nerf_flywheel_gap_half_dart_standard
foam_dart_flywheel_motor_can_worker_artifact_od,nerf_flywheel_motor_can_worker_artifact_od
foam_dart_spring_guide_rod_diameter_standard,nerf_spring_guide_rod_diameter_standard
foam_dart_plunger_tube_id_19mm,nerf_plunger_id_19mm
foam_dart_plunger_tube_id_25mm,nerf_plunger_id_25mm
foam_dart_plunger_tube_wall_thickness,nerf_plunger_wall_thickness
warhammer_base_25mm_outer_diameter,wh_base_25mm_od
warhammer_base_32mm_outer_diameter,wh_base_32mm_od
warhammer_base_40mm_outer_diameter,wh_base_40mm_od
warhammer_base_50mm_outer_diameter,wh_base_50mm_od
warhammer_base_60mm_outer_diameter,wh_base_60mm_od
warhammer_base_slot_clearance_fdm,wh_base_slot_clearance
warhammer_base_height_standard,wh_base_height
warhammer_flying_stand_post_diameter,wh_flying_post_diameter
warhammer_flying_stand_post_clearance_hole,wh_flying_post_clearance_hole
warhammer_magnetization_base_6x2mm_pocket_id,wh_magnet_6x2_pocket_id
warhammer_magnetization_base_6x2mm_pocket_depth,wh_magnet_6x2_pocket_depth
warhammer_terrain_wall_thickness_minimum_rigid,wh_terrain_wall_thickness_minimum_rigid
warhammer_terrain_wall_thickness_structural_building,wh_terrain_wall_thickness_structural_building
warhammer_kill_team_tile_standard_size,wh_kilteam_tile_standard_size
drill_imperial_fractional_1_64_inch_diameter_mm,drill_1_64
drill_imperial_fractional_1_32_inch_diameter_mm,drill_1_32
drill_imperial_fractional_3_64_inch_diameter_mm,drill_3_64
drill_imperial_fractional_1_16_inch_diameter_mm,drill_1_16
drill_imperial_fractional_5_64_inch_diameter_mm,drill_5_64
drill_imperial_fractional_3_32_inch_diameter_mm,drill_3_32
drill_imperial_fractional_7_64_inch_diameter_mm,drill_7_64
drill_imperial_fractional_1_8_inch_diameter_mm,drill_1_8
drill_imperial_fractional_9_64_inch_diameter_mm,drill_9_64
drill_imperial_fractional_5_32_inch_diameter_mm,drill_5_32
drill_imperial_fractional_11_64_inch_diameter_mm,drill_11_64
drill_imperial_fractional_3_16_inch_diameter_mm,drill_3_16
drill_imperial_fractional_13_64_inch_diameter_mm,drill_13_64
drill_imperial_fractional_7_32_inch_diameter_mm,drill_7_32
drill_imperial_fractional_15_64_inch_diameter_mm,drill_15_64
drill_imperial_fractional_1_4_inch_diameter_mm,drill_1_4
drill_imperial_fractional_17_64_inch_diameter_mm,drill_17_64
drill_imperial_fractional_9_32_inch_diameter_mm,drill_9_32
drill_imperial_fractional_19_64_inch_diameter_mm,drill_19_64
drill_imperial_fractional_5_16_inch_diameter_mm,drill_5_16
drill_imperial_fractional_21_64_inch_diameter_mm,drill_21_64
drill_imperial_fractional_11_32_inch_diameter_mm,drill_11_32
drill_imperial_fractional_23_64_inch_diameter_mm,drill_23_64
drill_imperial_fractional_3_8_inch_diameter_mm,drill_3_8
drill_imperial_fractional_25_64_inch_diameter_mm,drill_25_64
drill_imperial_fractional_13_32_inch_diameter_mm,drill_13_32
drill_imperial_fractional_27_64_inch_diameter_mm,drill_27_64
drill_imperial_fractional_7_16_inch_diameter_mm,drill_7_16
drill_imperial_fractional_29_64_inch_diameter_mm,drill_29_64
drill_imperial_fractional_15_32_inch_diameter_mm,drill_15_32
drill_imperial_fractional_31_64_inch_diameter_mm,drill_31_64
drill_imperial_fractional_1_2_inch_diameter_mm,drill_1_2
drill_imperial_fractional_33_64_inch_diameter_mm,drill_33_64
drill_imperial_fractional_17_32_inch_diameter_mm,drill_17_32
drill_imperial_fractional_35_64_inch_diameter_mm,drill_35_64
drill_imperial_fractional_9_16_inch_diameter_mm,drill_9_16
drill_imperial_fractional_37_64_inch_diameter_mm,drill_37_64
drill_imperial_fractional_19_32_inch_diameter_mm,drill_19_32
drill_imperial_fractional_39_64_inch_diameter_mm,drill_39_64
drill_imperial_fractional_5_8_inch_diameter_mm,drill_5_8
drill_imperial_fractional_41_64_inch_diameter_mm,drill_41_64
drill_imperial_fractional_21_32_inch_diameter_mm,drill_21_32
drill_imperial_fractional_43_64_inch_diameter_mm,drill_43_64
drill_imperial_fractional_11_16_inch_diameter_mm,drill_11_16
drill_imperial_fractional_45_64_inch_diameter_mm,drill_45_64
drill_imperial_fractional_23_32_inch_diameter_mm,drill_23_32
drill_imperial_fractional_47_64_inch_diameter_mm,drill_47_64
drill_imperial_fractional_3_4_inch_diameter_mm,drill_3_4
drill_imperial_fractional_49_64_inch_diameter_mm,drill_49_64
drill_imperial_fractional_25_32_inch_diameter_mm,drill_25_32
drill_imperial_fractional_51_64_inch_diameter_mm,drill_51_64
drill_imperial_fractional_13_16_inch_diameter_mm,drill_13_16
drill_imperial_fractional_53_64_inch_diameter_mm,drill_53_64
drill_imperial_fractional_27_32_inch_diameter_mm,drill_27_32
drill_imperial_fractional_55_64_inch_diameter_mm,drill_55_64
drill_imperial_fractional_7_8_inch_diameter_mm,drill_7_8
drill_imperial_fractional_57_64_inch_diameter_mm,drill_57_64
drill_imperial_fractional_29_32_inch_diameter_mm,drill_29_32
drill_imperial_fractional_59_64_inch_diameter_mm,drill_59_64
drill_imperial_fractional_15_16_inch_diameter_mm,drill_15_16
drill_imperial_fractional_61_64_inch_diameter_mm,drill_61_64
drill_imperial_fractional_31_32_inch_diameter_mm,drill_31_32
drill_imperial_fractional_63_64_inch_diameter_mm,drill_63_64
drill_imperial_fractional_1_1_inch_diameter_mm,drill_1
woodscrew_gauge_00_major_diameter_mm,ws0_major_dia
woodscrew_gauge_00_pilot_hole_softwood_mm,ws0_pilot_soft
woodscrew_gauge_00_pilot_hole_hardwood_mm,ws0_pilot_hard
woodscrew_gauge_00_clearance_hole_top_board_mm,ws0_clearance
woodscrew_gauge_01_major_diameter_mm,ws1_major_dia
woodscrew_gauge_01_pilot_hole_softwood_mm,ws1_pilot_soft
woodscrew_gauge_01_pilot_hole_hardwood_mm,ws1_pilot_hard
woodscrew_gauge_01_clearance_hole_top_board_mm,ws1_clearance
woodscrew_gauge_02_major_diameter_mm,ws2_major_dia
woodscrew_gauge_02_pilot_hole_softwood_mm,ws2_pilot_soft
woodscrew_gauge_02_pilot_hole_hardwood_mm,ws2_pilot_hard
woodscrew_gauge_02_clearance_hole_top_board_mm,ws2_clearance
woodscrew_gauge_02_countersink_flat_head_diameter_mm,ws2_csink_dia
woodscrew_gauge_03_major_diameter_mm,ws3_major_dia
woodscrew_gauge_03_pilot_hole_softwood_mm,ws3_pilot_soft
woodscrew_gauge_03_pilot_hole_hardwood_mm,ws3_pilot_hard
woodscrew_gauge_03_clearance_hole_top_board_mm,ws3_clearance
woodscrew_gauge_03_countersink_flat_head_diameter_mm,ws3_csink_dia
woodscrew_gauge_04_major_diameter_mm,ws4_major_dia
woodscrew_gauge_04_pilot_hole_softwood_mm,ws4_pilot_soft
woodscrew_gauge_04_pilot_hole_hardwood_mm,ws4_pilot_hard
woodscrew_gauge_04_clearance_hole_top_board_mm,ws4_clearance
woodscrew_gauge_04_countersink_flat_head_diameter_mm,ws4_csink_dia
woodscrew_gauge_05_major_diameter_mm,ws5_major_dia
woodscrew_gauge_05_pilot_hole_softwood_mm,ws5_pilot_soft
woodscrew_gauge_05_pilot_hole_hardwood_mm,ws5_pilot_hard
woodscrew_gauge_05_clearance_hole_top_board_mm,ws5_clearance
woodscrew_gauge_05_countersink_flat_head_diameter_mm,ws5_csink_dia
woodscrew_gauge_06_major_diameter_mm,ws6_major_dia
woodscrew_gauge_06_pilot_hole_softwood_mm,ws6_pilot_soft
woodscrew_gauge_06_pilot_hole_hardwood_mm,ws6_pilot_hard
woodscrew_gauge_06_clearance_hole_top_board_mm,ws6_clearance
woodscrew_gauge_06_countersink_flat_head_diameter_mm,ws6_csink_dia
woodscrew_gauge_07_major_diameter_mm,ws7_major_dia
woodscrew_gauge_07_pilot_hole_softwood_mm,ws7_pilot_soft
woodscrew_gauge_07_pilot_hole_hardwood_mm,ws7_pilot_hard
woodscrew_gauge_07_clearance_hole_top_board_mm,ws7_clearance
woodscrew_gauge_07_countersink_flat_head_diameter_mm,ws7_csink_dia
woodscrew_gauge_08_major_diameter_mm,ws8_major_dia
woodscrew_gauge_08_pilot_hole_softwood_mm,ws8_pilot_soft
woodscrew_gauge_08_pilot_hole_hardwood_mm,ws8_pilot_hard
woodscrew_gauge_08_clearance_hole_top_board_mm,ws8_clearance
woodscrew_gauge_08_countersink_flat_head_diameter_mm,ws8_csink_dia
woodscrew_gauge_09_major_diameter_mm,ws9_major_dia
woodscrew_gauge_09_pilot_hole_softwood_mm,ws9_pilot_soft
woodscrew_gauge_09_pilot_hole_hardwood_mm,ws9_pilot_hard
woodscrew_gauge_09_clearance_hole_top_board_mm,ws9_clearance
woodscrew_gauge_09_countersink_flat_head_diameter_mm,ws9_csink_dia
woodscrew_gauge_10_major_diameter_mm,ws10_major_dia
woodscrew_gauge_10_pilot_hole_softwood_mm,ws10_pilot_soft
woodscrew_gauge_10_pilot_hole_hardwood_mm,ws10_pilot_hard
woodscrew_gauge_10_clearance_hole_top_board_mm,ws10_clearance
woodscrew_gauge_10_countersink_flat_head_diameter_mm,ws10_csink_dia
woodscrew_gauge_11_major_diameter_mm,ws11_major_dia
woodscrew_gauge_11_pilot_hole_softwood_mm,ws11_pilot_soft
woodscrew_gauge_11_pilot_hole_hardwood_mm,ws11_pilot_hard
woodscrew_gauge_11_clearance_hole_top_board_mm,ws11_clearance
woodscrew_gauge_11_countersink_flat_head_diameter_mm,ws11_csink_dia
woodscrew_gauge_12_major_diameter_mm,ws12_major_dia
woodscrew_gauge_12_pilot_hole_softwood_mm,ws12_pilot_soft
woodscrew_gauge_12_pilot_hole_hardwood_mm,ws12_pilot_hard
woodscrew_gauge_12_clearance_hole_top_board_mm,ws12_clearance
woodscrew_gauge_12_countersink_flat_head_diameter_mm,ws12_csink_dia
woodscrew_gauge_14_major_diameter_mm,ws14_major_dia
woodscrew_gauge_14_pilot_hole_softwood_mm,ws14_pilot_soft
woodscrew_gauge_14_pilot_hole_hardwood_mm,ws14_pilot_hard
woodscrew_gauge_14_clearance_hole_top_board_mm,ws14_clearance
woodscrew_gauge_14_countersink_flat_head_diameter_mm,ws14_csink_dia
woodscrew_gauge_16_major_diameter_mm,ws16_major_dia
woodscrew_gauge_16_pilot_hole_softwood_mm,ws16_pilot_soft
woodscrew_gauge_16_pilot_hole_hardwood_mm,ws16_pilot_hard
woodscrew_gauge_16_clearance_hole_top_board_mm,ws16_clearance
woodscrew_gauge_18_major_diameter_mm,ws18_major_dia
woodscrew_gauge_18_pilot_hole_softwood_mm,ws18_pilot_soft
woodscrew_gauge_18_pilot_hole_hardwood_mm,ws18_pilot_hard
woodscrew_gauge_18_clearance_hole_top_board_mm,ws18_clearance
woodscrew_gauge_20_major_diameter_mm,ws20_major_dia
woodscrew_gauge_20_pilot_hole_softwood_mm,ws20_pilot_soft
woodscrew_gauge_20_pilot_hole_hardwood_mm,ws20_pilot_hard
woodscrew_gauge_20_clearance_hole_top_board_mm,ws20_clearance
print_in_place_captive_sphere_clearance,pip_sphere_clearance
print_in_place_captive_sphere_min_diameter,pip_sphere_min_dia
print_in_place_hinge_pin_clearance,pip_hinge_clearance
twist_lock_bayonet_rotation_angle_deg,bayonet_rotation_angle_deg
twist_lock_bayonet_tab_height_mm,bayonet_tab_height_mm
twist_lock_bayonet_channel_depth_mm,bayonet_channel_depth_mm
twist_lock_bayonet_entry_slot_width_deg,bayonet_entry_slot_width_deg
twist_lock_bayonet_ramp_angle_deg,bayonet_ramp_angle_deg
twist_lock_bayonet_lid_engagement_depth_mm,bayonet_lid_engagement_depth_mm
twist_lock_bayonet_clearance_radial_mm,bayonet_clearance_radial_mm
dovetail_angle_deg,dovetail_angle
dovetail_width_base_mm,dovetail_base_width
dovetail_width_top_mm,dovetail_top_width
dovetail_depth_mm,dovetail_depth
dovetail_clearance_per_surface_mm,dovetail_clearance
dovetail_slide_entry_chamfer_mm,dovetail_chamfer
spring_clip_arm_thickness_mm,spring_clip_thick
spring_clip_arm_width_mm,spring_clip_width
spring_clip_deflection_max_mm,spring_clip_max_flex
spring_clip_hook_depth_mm,spring_clip_hook_depth
container_wall_thickness_food_safe_mm,container_wall
container_base_thickness_mm,container_base
container_corner_radius_min_mm,container_corner_r
container_lid_rim_width_mm,container_rim_width
phone_iphone_16_height,iphone16_height
phone_iphone_16_width,iphone16_width
phone_iphone_16_depth,iphone16_depth
phone_iphone_16_pro_height,iphone16pro_height
phone_iphone_16_pro_width,iphone16pro_width
phone_iphone_16_pro_depth,iphone16pro_depth
phone_iphone_16_pro_max_height,iphone16promax_height
phone_iphone_16_pro_max_width,iphone16promax_width
phone_iphone_16_pro_max_depth,iphone16promax_depth
phone_iphone_15_height,iphone15_height
phone_iphone_15_width,iphone15_width
phone_iphone_15_depth,iphone15_depth
phone_iphone_15_pro_height,iphone15pro_height
phone_iphone_15_pro_width,iphone15pro_width
phone_iphone_15_pro_depth,iphone15pro_depth
phone_iphone_15_pro_max_height,iphone15promax_height
phone_iphone_15_pro_max_width,iphone15promax_width
phone_iphone_15_pro_max_depth,iphone15promax_depth
phone_galaxy_s24_height,galaxys24_height
phone_galaxy_s24_width,galaxys24_width
phone_galaxy_s24_depth,galaxys24_depth
phone_galaxy_s24_plus_height,galaxys24plus_height
phone_galaxy_s24_plus_width,galaxys24plus_width
phone_galaxy_s24_plus_depth,galaxys24plus_depth
phone_galaxy_s24_ultra_height,galaxys24ultra_height
phone_galaxy_s24_ultra_width,galaxys24ultra_width
phone_galaxy_s24_ultra_depth,galaxys24ultra_depth
tablet_ipad_air_11_height,ipadair11_height
tablet_ipad_air_11_width,ipadair11_width
tablet_ipad_air_11_depth,ipadair11_depth
tablet_ipad_pro_11_height,ipadpro11_height
tablet_ipad_pro_11_width,ipadpro11_width
tablet_ipad_pro_11_depth,ipadpro11_depth
tablet_ipad_pro_13_height,ipadpro13_height
tablet_ipad_pro_13_width,ipadpro13_width
tablet_ipad_pro_13_depth,ipadpro13_depth
tablet_ipad_mini_7_height,ipadmini7_height
tablet_ipad_mini_7_width,ipadmini7_width
tablet_ipad_mini_7_depth,ipadmini7_depth
charger_magsafe_15w_dia,magsafe15w_dia
charger_magsafe_15w_thick,magsafe15w_thick
charger_magsafe_25w_dia,magsafe25w_dia
charger_magsafe_25w_thick,magsafe25w_thick
charger_apple_watch_dia,applewatch_charger_dia
charger_apple_watch_thick,applewatch_charger_thick
drinkware_coffee_mug_std_top_dia,coffee_mug_top_dia
drinkware_coffee_mug_std_base_dia,coffee_mug_base_dia
drinkware_coffee_mug_std_height,coffee_mug_height
drinkware_yeti_rambler_20oz_lip_dia,yeti20oz_lip_dia
drinkware_yeti_rambler_20oz_height,yeti20oz_height
drinkware_yeti_rambler_30oz_lip_dia,yeti30oz_lip_dia
drinkware_yeti_rambler_30oz_height,yeti30oz_height
drinkware_stanley_quencher_40oz_base_dia,stanley40oz_base_dia
drinkware_stanley_quencher_40oz_height,stanley40oz_height
drinkware_hydro_flask_32oz_body_dia,hydroflask32oz_body_dia
drinkware_hydro_flask_32oz_height,hydroflask32oz_height
edc_bic_pen_body_width,bic_pen_width
edc_bic_pen_length,bic_pen_length
edc_sharpie_barrel_dia,sharpie_barrel_dia
edc_sharpie_length,sharpie_length
edc_chapstick_dia,chapstick_dia
edc_chapstick_height,chapstick_height
edc_bic_lighter_width,bic_lighter_width
edc_bic_lighter_height,bic_lighter_height
edc_bic_lighter_depth,bic_lighter_depth
edc_zippo_width,zippo_width
edc_zippo_height,zippo_height
edc_zippo_depth,zippo_depth
camera_gopro_hero_12_width,gopro12_width
camera_gopro_hero_12_height,gopro12_height
camera_gopro_hero_12_depth,gopro12_depth
camera_gopro_mount_finger_gap,gopro_mount_finger_gap
camera_gopro_mount_tab_thick,gopro_mount_tab_thick
camera_gopro_mount_screw_dia,gopro_mount_screw_dia
paint_citadel_pot_dia,citadel_pot_dia
paint_citadel_pot_height,citadel_pot_height
paint_vallejo_dropper_dia,vallejo_dropper_dia
paint_vallejo_dropper_height,vallejo_dropper_height
paint_army_painter_dropper_dia,army_painter_dia
paint_army_painter_dropper_height,army_painter_height
paint_craft_bottle_2oz_dia,craft_paint_2oz_dia
paint_craft_bottle_2oz_height,craft_paint_2oz_height
battery_tool_milwaukee_m18_cp2_length,milwaukee_m18_bat_cp2_length
battery_tool_milwaukee_m18_cp2_width,milwaukee_m18_bat_cp2_width
battery_tool_milwaukee_m18_cp2_height,milwaukee_m18_bat_cp2_height
battery_tool_makita_18v_lxt_5ah_length,makita_18v_bat_lxt_5ah_length
battery_tool_makita_18v_lxt_5ah_width,makita_18v_bat_lxt_5ah_width
battery_tool_makita_18v_lxt_5ah_height,makita_18v_bat_lxt_5ah_height
battery_tool_dewalt_20v_max_4ah_length,dewalt_20v_bat_max_4ah_length
battery_tool_dewalt_20v_max_4ah_width,dewalt_20v_bat_max_4ah_width
battery_tool_dewalt_20v_max_4ah_height,dewalt_20v_bat_max_4ah_height
battery_aa_dia,aa_bat_dia
battery_aa_length,aa_bat_length
battery_aaa_dia,aaa_bat_dia
battery_aaa_length,aaa_bat_length
battery_cr2032_dia,cr2032_dia
battery_cr2032_thick,cr2032_thick
battery_18650_dia,bat_18650_dia
battery_18650_length,bat_18650_length
connector_usb_a_plug_width,usb_a_plug_width
connector_usb_a_plug_height,usb_a_plug_height
connector_usb_c_plug_width,usb_c_plug_width
connector_usb_c_plug_height,usb_c_plug_height
connector_sd_card_width,sd_card_width
connector_sd_card_length,sd_card_length
connector_sd_card_thick,sd_card_thick
connector_microsd_width,microsd_width
connector_microsd_length,microsd_length
connector_microsd_thick,microsd_thick
audio_airpods_pro_2_case_width,airpods_pro2_width
audio_airpods_pro_2_case_height,airpods_pro2_height
audio_airpods_pro_2_case_depth,airpods_pro2_depth
card_credit_width,credit_card_width
card_credit_height,credit_card_height
card_credit_thick,credit_card_thick
card_credit_corner_radius,credit_card_corner_radius
card_business_width,business_card_width
card_business_height,business_card_height
card_playing_poker_width,poker_card_width
card_playing_poker_height,poker_card_height
coin_us_penny_dia,penny_dia
coin_us_penny_thick,penny_thick
coin_us_nickel_dia,nickel_dia
coin_us_nickel_thick,nickel_thick
coin_us_dime_dia,dime_dia
coin_us_dime_thick,dime_thick
coin_us_quarter_dia,quarter_dia
coin_us_quarter_thick,quarter_thick
coin_us_half_dollar_dia,half_dollar_dia
coin_us_half_dollar_thick,half_dollar_thick
coin_us_dollar_dia,dollar_coin_dia
coin_us_dollar_thick,dollar_coin_thick
cable_usb_c_cable_od,usb_c_cable_od
cable_lightning_cable_od,lightning_cable_od
cable_hdmi_plug_width,hdmi_plug_width
cable_hdmi_plug_height,hdmi_plug_height
cable_displayport_plug_width,dp_plug_width
cable_displayport_plug_height,dp_plug_height
cable_rj45_plug_width,rj45_plug_width
cable_rj45_plug_height,rj45_plug_height
cable_audio_35mm_plug_dia,audio_35mm_plug_dia
cable_audio_35mm_barrel_length,audio_35mm_barrel_length
pegboard_std_hole_dia,pegboard_hole_dia
pegboard_std_hole_spacing,pegboard_hole_spacing
pegboard_std_thickness,pegboard_thickness
pegboard_std_hook_wire_dia,pegboard_hook_wire_dia
pegboard_small_hole_dia,pegboard_small_hole_dia
pegboard_small_thickness,pegboard_small_thickness
pegboard_light_hook_wire_dia,pegboard_light_hook_dia
tool_dewalt_dcd771_drill_length,dewalt_drill_length
tool_dewalt_dcd771_drill_width,dewalt_drill_width
tool_dewalt_dcd771_drill_height,dewalt_drill_height
tool_milwaukee_m18_drill_length,milwaukee_drill_length
tool_milwaukee_m18_drill_width,milwaukee_drill_width
tool_milwaukee_m18_drill_height,milwaukee_drill_height
tool_dewalt_dcs391_saw_length,dewalt_saw_length
tool_dewalt_dcs391_saw_width,dewalt_saw_width
tool_dewalt_dcs391_saw_height,dewalt_saw_height
tool_dewalt_dcs391_blade_dia,tool_dewalt_dcs391_blade_dia
tool_milwaukee_m18_saw_length,milwaukee_saw_length
tool_milwaukee_m18_saw_blade_dia,milwaukee_saw_blade_dia
tool_dewalt_dcw210_sander_pad_dia,dewalt_sander_pad_dia
tool_dewalt_dcw210_sander_length,dewalt_sander_length
tool_dewalt_dcw210_sander_height,dewalt_sander_height
tool_milwaukee_m18_sander_pad_dia,milwaukee_sander_pad_dia
tool_milwaukee_m18_sander_length,milwaukee_sander_length
tool_milwaukee_m18_sander_height,milwaukee_sander_height
handtool_screwdriver_handle_dia,screwdriver_handle_dia
handtool_screwdriver_shaft_dia,screwdriver_shaft_dia
handtool_screwdriver_overall_length,screwdriver_overall_length
handtool_hammer_16oz_length,hammer_16oz_length
handtool_hammer_16oz_head_width,hammer_16oz_head_width
handtool_hammer_16oz_handle_dia,hammer_16oz_handle_dia
handtool_wrench_adj_6in_length,adj_wrench_6in_length
handtool_wrench_adj_6in_jaw_width,adj_wrench_6in_jaw_width
handtool_wrench_adj_8in_length,adj_wrench_8in_length
handtool_wrench_adj_8in_jaw_width,adj_wrench_8in_jaw_width
handtool_wrench_adj_10in_length,adj_wrench_10in_length
handtool_wrench_adj_10in_jaw_width,adj_wrench_10in_jaw_width
handtool_tape_measure_25ft_width,tape_measure_width
handtool_tape_measure_25ft_height,tape_measure_height
handtool_tape_measure_25ft_depth,tape_measure_depth
handtool_utility_knife_length,utility_knife_length
handtool_utility_knife_width,utility_knife_width
handtool_utility_knife_depth,utility_knife_depth
handtool_torpedo_level_length,torpedo_level_length
handtool_torpedo_level_width,torpedo_level_width
handtool_torpedo_level_height,torpedo_level_height
key_kw1_length,kw1_key_length
key_kw1_bow_width,kw1_key_bow_width
key_kw1_blade_thick,kw1_key_blade_thick
key_sc1_length,sc1_key_length
key_sc1_bow_width,sc1_key_bow_width
key_sc1_blade_thick,sc1_key_blade_thick
key_split_ring_25mm_od,keyring_25mm_od
key_split_ring_25mm_wire_dia,keyring_25mm_wire_dia
controller_xbox_width,xbox_width
controller_xbox_height,xbox_height
controller_xbox_depth,xbox_depth
controller_ps5_dualsense_width,ps5_width
controller_ps5_dualsense_height,ps5_height
controller_ps5_dualsense_depth,ps5_depth
controller_switch_pro_width,switch_pro_width
controller_switch_pro_height,switch_pro_height
controller_switch_pro_depth,switch_pro_depth
controller_joycon_width,joycon_width
controller_joycon_height,joycon_height
controller_joycon_depth,joycon_depth
remote_apple_tv_siri_width,appletv_remote_width
remote_apple_tv_siri_height,appletv_remote_height
remote_apple_tv_siri_depth,appletv_remote_depth
remote_fire_tv_width,firetv_remote_width
remote_fire_tv_height,firetv_remote_height
remote_fire_tv_depth,firetv_remote_depth
remote_roku_voice_pro_width,roku_remote_width
remote_roku_voice_pro_height,roku_remote_height
remote_roku_voice_pro_depth,roku_remote_depth
watch_apple_series10_42_height,watch_s10_42_height
watch_apple_series10_42_width,watch_s10_42_width
watch_apple_series10_42_depth,watch_s10_42_depth
watch_apple_series10_46_height,watch_s10_46_height
watch_apple_series10_46_width,watch_s10_46_width
watch_apple_series10_46_depth,watch_s10_46_depth
watch_apple_ultra_2_height,watch_ultra2_height
watch_apple_ultra_2_width,watch_ultra2_width
watch_apple_ultra_2_depth,watch_ultra2_depth
watch_band_width_20mm,watch_band_20
watch_band_width_22mm,watch_band_22
smarthome_echo_dot_5_dia,echo_dot5_dia
smarthome_echo_dot_5_height,echo_dot5_height
smarthome_nest_mini_2_dia,nest_mini2_dia
smarthome_nest_mini_2_height,nest_mini2_height
smarthome_echo_show_5_width,echo_show5_width
smarthome_echo_show_5_height,echo_show5_height
smarthome_echo_show_5_depth,echo_show5_depth
smarthome_kasa_ep10_width,kasa_ep10_width
smarthome_kasa_ep10_height,kasa_ep10_height
smarthome_kasa_ep10_depth,kasa_ep10_depth
smarthome_hue_bridge_width,hue_bridge_width
smarthome_hue_bridge_height,hue_bridge_height
camera_security_ring_indoor_width,ring_indoor_width
camera_security_ring_indoor_height,ring_indoor_height
camera_security_ring_indoor_depth,ring_indoor_depth
camera_security_ring_stickup_dia,ring_stickup_dia
camera_security_ring_stickup_height,ring_stickup_height
camera_security_ring_doorbell_width,ring_doorbell_width
camera_security_ring_doorbell_height,ring_doorbell_height
camera_security_ring_doorbell_depth,ring_doorbell_depth
camera_security_unifi_g4_bullet_dia,unifi_g4_bullet_dia
camera_security_unifi_g4_bullet_length,unifi_g4_bullet_length
camera_security_unifi_g4_instant_width,unifi_g4_instant_width
camera_security_unifi_g4_instant_height,unifi_g4_instant_height
camera_security_unifi_g4_instant_depth,unifi_g4_instant_depth
camera_security_unifi_g5_flex_dia,unifi_g5_flex_dia
camera_security_unifi_g5_flex_height,unifi_g5_flex_height
camera_security_tripod_mount_thread_dia,tripod_mount_thread_dia
camera_security_tripod_mount_thread_pitch,tripod_mount_thread_pitch
bottle_pill_13dram_dia,pill_13dram_dia
bottle_pill_13dram_height,pill_13dram_height
bottle_pill_20dram_dia,pill_20dram_dia
bottle_pill_20dram_height,pill_20dram_height
bottle_pill_30dram_dia,pill_30dram_dia
bottle_pill_30dram_height,pill_30dram_height
bottle_nalgene_32oz_body_dia,nalgene_32oz_body_dia
bottle_nalgene_32oz_height,nalgene_32oz_height
bottle_nalgene_32oz_mouth_dia,nalgene_32oz_mouth_dia
bottle_eye_drop_15ml_dia,eyedrop_15ml_dia
bottle_eye_drop_15ml_height,eyedrop_15ml_height
bottle_spray_28_400_neck_od,spray_28_400_neck_od
media_samsung_t7_ssd_width,samsung_t7_width
media_samsung_t7_ssd_height,samsung_t7_height
media_samsung_t7_ssd_depth,samsung_t7_depth
media_wd_passport_width,wd_passport_width
media_wd_passport_height,wd_passport_height
media_wd_passport_depth,wd_passport_depth
media_sata_25_width,sata_25_width
media_sata_25_length,sata_25_length
media_sata_25_height_thin,sata_25_height_thin
media_sata_25_height_std,sata_25_height_std
media_sata_35_width,sata_35_width
media_sata_35_length,sata_35_length
media_sata_35_height,sata_35_height
media_m2_2280_width,m2_2280_width
media_m2_2280_length,m2_2280_length
media_m2_2280_height,m2_2280_height
media_cfexpress_type_b_width,cfexpress_b_width
media_cfexpress_type_b_height,cfexpress_b_height
media_cfexpress_type_b_thick,cfexpress_b_thick
glasses_hard_case_width,glasses_case_width
glasses_hard_case_height,glasses_case_height
glasses_hard_case_length,glasses_case_length
glasses_folded_width,glasses_folded_width
glasses_folded_height,glasses_folded_height
glasses_folded_depth,glasses_folded_depth
phone_universal_max_height,phone_max_height
phone_universal_max_width,phone_max_width
phone_universal_max_depth,phone_max_depth
phone_case_allowance,phone_case_allowance
phone_universal_cased_width,phone_cased_width
phone_universal_cased_depth,phone_cased_depth
tablet_universal_max_height,tablet_max_height
tablet_universal_max_width,tablet_max_width
tablet_universal_max_depth,tablet_max_depth
drinkware_max_body_dia,drink_max_body_dia
drinkware_max_height,drink_max_height
battery_aa_holder_slot_dia,aa_holder_slot_dia
battery_aaa_holder_slot_dia,aaa_holder_slot_dia
battery_18650_holder_slot_dia,bat_18650_holder_slot_dia
controller_universal_max_width,controller_max_width
controller_universal_max_height,controller_max_height
controller_universal_max_depth,controller_max_depth
edc_bic_pen_circular_hole_dia,bic_pen_hole_dia
hardware_m3_grub_screw_common_length_mm,m3_grub_length
hardware_m4_grub_screw_common_length_mm,m4_grub_length
print_in_place_socket_opening_ratio,pip_socket_ratio
twist_lock_bayonet_tab_count,bayonet_tab_count
magnet_warhammer_base_transport_6x2_pocket_id,DELETE
electronics_m2p5_screw_clearance_hole,DELETE
electronics_m2p5_hex_standoff_od,DELETE
bmg_ridga_shaft_length,MOVE_TO_PROJECT
bmg_ridga_shaft_od,MOVE_TO_PROJECT
bmg_ridga_bearing_seat_motor_side,MOVE_TO_PROJECT
bmg_ridga_bearing_seat_gear_side,MOVE_TO_PROJECT
bmg_ridga_filament_center_to_motor_end,MOVE_TO_PROJECT
bmg_ridga_filament_center_to_gear_end,MOVE_TO_PROJECT
bmg_ridga_drive_gear_teeth_count,MOVE_TO_PROJECT
bmg_ridga_drive_gear_teeth_length,MOVE_TO_PROJECT
bmg_ridga_main_gear_teeth_count,MOVE_TO_PROJECT
bmg_ridga_main_gear_teeth_length,MOVE_TO_PROJECT
bmg_ridga_main_gear_od,MOVE_TO_PROJECT
bmg_ridga_axial_play,MOVE_TO_PROJECT
bmg_ridga_motor_face_bearing_gap,MOVE_TO_PROJECT
bmg_bearing_main_id,MOVE_TO_PROJECT
bmg_bearing_main_od,MOVE_TO_PROJECT
bmg_bearing_main_width,MOVE_TO_PROJECT
bmg_bearing_main_pocket_diameter,MOVE_TO_PROJECT
bmg_bearing_main_pocket_depth,MOVE_TO_PROJECT
bmg_secondary_shaft_diameter,MOVE_TO_PROJECT
bmg_secondary_shaft_length,MOVE_TO_PROJECT
bmg_secondary_needle_bearing_id,MOVE_TO_PROJECT
bmg_secondary_needle_bearing_od,MOVE_TO_PROJECT
bmg_secondary_needle_bearing_length,MOVE_TO_PROJECT
bmg_secondary_gear_od,MOVE_TO_PROJECT
bmg_secondary_shaft_pocket_diameter,MOVE_TO_PROJECT
bmg_secondary_shaft_pocket_depth,MOVE_TO_PROJECT
bmg_filament_diameter,MOVE_TO_PROJECT
bmg_filament_bore_radius,MOVE_TO_PROJECT
bmg_filament_bore_depth,MOVE_TO_PROJECT
bmg_filament_bore_clearance,MOVE_TO_PROJECT
bmg_motor_body_diameter,MOVE_TO_PROJECT
bmg_motor_body_length,MOVE_TO_PROJECT
bmg_motor_shaft_diameter,MOVE_TO_PROJECT
bmg_motor_shaft_protrusion,MOVE_TO_PROJECT
bmg_motor_face_flat_length,MOVE_TO_PROJECT
bmg_motor_mounting_hole_thread,MOVE_TO_PROJECT
bmg_motor_mounting_hole_spacing,MOVE_TO_PROJECT
bmg_motor_pinion_clearance_diameter,MOVE_TO_PROJECT
bmg_motor_pinion_teeth_10t,MOVE_TO_PROJECT
bmg_motor_pinion_teeth_8t,MOVE_TO_PROJECT
bmg_gear_ratio_10t,MOVE_TO_PROJECT
bmg_gear_ratio_8t,MOVE_TO_PROJECT
bmg_rotation_distance_10t,MOVE_TO_PROJECT
bmg_rotation_distance_8t,MOVE_TO_PROJECT
bmg_shaft_center_to_center,MOVE_TO_PROJECT
bmg_motor_shaft_to_main_shaft,MOVE_TO_PROJECT
bmg_idler_pivot_x,MOVE_TO_PROJECT
bmg_idler_pivot_z,MOVE_TO_PROJECT
bmg_idler_arm_thickness,MOVE_TO_PROJECT
bmg_idler_pivot_hole_diameter,MOVE_TO_PROJECT
bmg_idler_secondary_hole_diameter,MOVE_TO_PROJECT
bmg_sensor_ball_diameter,MOVE_TO_PROJECT
bmg_sensor_ball_bore_diameter,MOVE_TO_PROJECT
bmg_sensor_ball_travel_depth,MOVE_TO_PROJECT
bmg_sensor_microswitch_mount_thread,MOVE_TO_PROJECT
bmg_sensor_microswitch_pad_width,MOVE_TO_PROJECT
bmg_sensor_microswitch_pad_height,MOVE_TO_PROJECT
bmg_sensor_entry_z_offset,MOVE_TO_PROJECT
bmg_sensor_exit_z_offset,MOVE_TO_PROJECT
bmg_plate_thickness_front,MOVE_TO_PROJECT
bmg_plate_thickness_back,MOVE_TO_PROJECT
bmg_body_total_depth_y,MOVE_TO_PROJECT
bmg_body_width_x,MOVE_TO_PROJECT
bmg_body_height_z,MOVE_TO_PROJECT
bmg_body_material_wall_min,MOVE_TO_PROJECT
bmg_body_internal_radius_min,MOVE_TO_PROJECT
bmg_dowel_pin_diameter,MOVE_TO_PROJECT
bmg_dowel_pin_hole_diameter,MOVE_TO_PROJECT
bmg_dowel_pin_count,MOVE_TO_PROJECT
bmg_dowel_pin_depth,MOVE_TO_PROJECT
bmg_clamping_screw_thread,MOVE_TO_PROJECT
bmg_clamping_screw_count,MOVE_TO_PROJECT
bmg_clamping_screw_clearance_diameter,MOVE_TO_PROJECT
bmg_clamping_screw_tap_diameter,MOVE_TO_PROJECT
bmg_sherpa_mount_hole_thread,MOVE_TO_PROJECT
bmg_sherpa_mount_hole_clearance,MOVE_TO_PROJECT
bmg_sherpa_mount_hole_spacing,MOVE_TO_PROJECT
bmg_sherpa_mount_hole_z_offset,MOVE_TO_PROJECT
bmg_sherpa_mount_position_tolerance,MOVE_TO_PROJECT
bmg_tensioner_thread,MOVE_TO_PROJECT
bmg_tensioner_thread_depth,MOVE_TO_PROJECT
bmg_shim_washer_id,MOVE_TO_PROJECT
bmg_shim_washer_od,MOVE_TO_PROJECT
bmg_shim_washer_thickness,MOVE_TO_PROJECT
bmg_ecas04_bore_diameter,MOVE_TO_PROJECT
bmg_heat_insert_thread,MOVE_TO_PROJECT
bmg_heat_insert_od,MOVE_TO_PROJECT
bmg_heat_insert_length,MOVE_TO_PROJECT
bmg_stock_plate_thickness,MOVE_TO_PROJECT
bmg_tool_roughing_em_diameter,MOVE_TO_PROJECT
bmg_tool_finishing_em_diameter,MOVE_TO_PROJECT
bmg_tool_ball_em_diameter,MOVE_TO_PROJECT
bmg_tool_dowel_drill_diameter,MOVE_TO_PROJECT
bmg_tool_m3_tap_drill_diameter,MOVE_TO_PROJECT
bmg_tool_m3_clearance_drill_diameter,MOVE_TO_PROJECT
bmg_tool_sensor_drill_diameter,MOVE_TO_PROJECT
bmg_pocket_depth_max,MOVE_TO_PROJECT
